City_ID,City,Country,Lat,Lng,Max Temp,Humidity,Cloudiness,Wind Speed
0,Burns Lake,CA,54.2331,-125.7533,22.82,77,100,3.74
1,Hithadhoo,MV,-0.6,73.0833,81.21,75,100,15.39
2,Henties Bay,NA,-22.116,14.2845,56.93,87,31,5.5
3,Upernavik,GL,72.7868,-56.1549,14.85,50,30,4.59
4,Tamiahua,MX,21.2667,-97.45,74.34,89,10,2.24
5,Hobart,AU,-42.8794,147.3294,62.46,42,40,23.02
6,Kapaa,US,22.0752,-159.319,79.12,86,75,12.66
7,Acarau,BR,-2.8856,-40.12,77.0,85,32,7.94
8,Albany,US,42.6001,-73.9662,47.73,74,23,1.43
9,Namibe,AO,-15.1961,12.1522,67.59,80,39,2.62
10,New Norfolk,AU,-42.7826,147.0587,62.1,50,76,5.99
11,Bambous Virieux,MU,-20.3428,57.7575,78.22,69,40,12.66
12,Punta Arenas,CL,-53.15,-70.9167,46.11,76,0,20.71
13,Rikitea,PF,-23.1203,-134.9692,69.8,65,100,13.62
14,Dikson,RU,73.5069,80.5464,29.97,99,100,11.1
15,Samsun,TR,41.25,36.3333,59.49,41,0,4.61
16,Bluff,NZ,-46.6,168.3333,56.1,62,68,27.34
17,Ushuaia,AR,-54.8,-68.3,34.74,96,28,4.99
18,Mataura,NZ,-46.1927,168.8643,60.8,46,68,11.01
19,Mount Gambier,AU,-37.8333,140.7667,57.22,56,82,8.88
20,Snezhnogorsk,RU,69.1933,33.2531,22.78,91,95,9.53
21,Sitka,US,57.0531,-135.33,40.89,81,100,18.41
22,Areia Branca,BR,-4.9561,-37.1369,76.08,79,59,14.29
23,Kruisfontein,ZA,-34.0033,24.7314,67.35,76,100,3.15
24,Faanui,PF,-16.4833,-151.75,77.54,80,100,15.9
25,Hualmay,PE,-11.0964,-77.6139,62.19,85,100,6.26
26,Castro,BR,-24.7911,-50.0119,47.16,84,79,9.93
27,Busselton,AU,-33.65,115.3333,73.22,49,100,5.99
28,Bredasdorp,ZA,-34.5322,20.0403,64.83,94,95,6.44
29,Bera,BD,24.0833,89.6167,82.11,55,60,6.76
30,Nikolskoye,RU,59.7035,30.7861,39.09,89,100,3.13
31,Port Hawkesbury,CA,45.6169,-61.3485,43.18,63,10,15.01
32,Khatanga,RU,71.9667,102.5,14.5,93,100,20.33
33,Ancud,CL,-41.8697,-73.8203,52.0,85,0,2.06
34,East London,ZA,-33.0153,27.9116,66.33,87,100,6.96
35,Butaritari,KI,3.0707,172.7902,82.06,66,78,12.91
36,Arraial Do Cabo,BR,-22.9661,-42.0278,67.69,68,100,18.32
37,Hilo,US,19.7297,-155.09,76.24,98,63,3.0
38,Nhulunbuy,AU,-12.2333,136.7667,93.81,52,40,18.41
39,Atuona,PF,-9.8,-139.0333,77.05,76,11,12.37
40,Severo-Kurilsk,RU,50.6789,156.125,43.07,89,100,7.47
41,Fortuna,US,40.5982,-124.1573,43.66,95,100,4.61
42,Tuatapere,NZ,-46.1333,167.6833,55.6,60,68,12.57
43,Rawson,AR,-43.3002,-65.1023,57.9,58,0,16.2
44,Gillette,US,44.2911,-105.5022,37.06,66,100,14.97
45,Yellowknife,CA,62.456,-114.3525,10.51,88,88,15.9
46,Saint-Philippe,RE,-21.3585,55.7679,78.39,76,42,14.38
47,Erzin,TR,36.9559,36.2,61.7,55,0,1.81
48,Sao Filipe,CV,14.8961,-24.4956,79.16,71,68,2.44
49,Bathsheba,BB,13.2167,-59.5167,81.21,78,75,16.11
50,Laguna,US,38.421,-121.4238,50.76,84,0,5.75
51,Mayya,RU,61.7333,130.2811,6.12,90,61,4.5
52,Ketchikan,US,55.3422,-131.6461,39.09,81,100,14.45
53,Enshi,CN,30.3,109.4833,71.49,52,15,0.49
54,Nuuk,GL,64.1835,-51.7216,27.3,49,71,10.16
55,Taft,IR,31.7471,54.2088,51.75,71,100,4.61
56,Kerema,PG,-7.9631,145.7785,85.69,67,77,7.63
57,Akureyri,IS,65.6835,-18.0878,37.06,99,100,3.91
58,Airai,TL,-8.9266,125.4092,75.33,63,45,1.14
59,Remanso,BR,-9.6179,-42.0831,76.46,76,100,4.65
60,Rio Grande,BR,-32.035,-52.0986,42.94,72,0,4.88
61,Lorengau,PG,-2.0226,147.2712,86.59,62,45,2.42
62,Helong,CN,42.5397,128.9972,35.85,22,0,12.75
63,Vaini,TO,-21.2,-175.2,74.37,86,100,22.28
64,At-Bashi,KG,41.1702,75.8106,42.12,46,45,0.98
65,Aloleng,PH,16.1307,119.7824,81.82,78,15,8.84
66,Hermanus,ZA,-34.4187,19.2345,66.79,86,51,2.75
67,Biu,NG,10.6129,12.1946,68.63,43,76,8.46
68,Puerto Ayora,EC,-0.7393,-90.3518,67.48,84,92,8.59
69,Diego De Almagro,CL,-26.3667,-70.05,61.52,32,0,1.41
70,Mahebourg,MU,-20.4081,57.7,78.26,69,40,12.66
71,Klaksvik,FO,62.2266,-6.589,47.32,88,100,3.87
72,Jamestown,US,42.097,-79.2353,46.04,97,0,3.44
73,Sobolevo,RU,54.4299,31.8996,41.56,94,100,1.61
74,Avarua,CK,-21.2078,-159.775,75.25,73,75,17.27
75,Sept-Iles,CA,50.2001,-66.3821,35.06,59,25,8.01
76,Cockburn Town,TC,21.4612,-71.1419,81.36,71,84,16.53
77,Ayaviri,PE,-14.8864,-70.5889,46.71,49,89,2.71
78,Korla,CN,41.7597,86.1469,54.72,31,22,13.11
79,Provideniya,RU,64.3833,-173.3,15.91,48,0,13.42
80,Bogotol,RU,56.2078,89.5342,33.37,63,65,4.29
81,Luena,AO,-11.7833,19.9167,62.96,95,100,3.09
82,Cayenne,GF,4.9333,-52.3333,75.24,100,0,0.0
83,Pangody,RU,65.85,74.4859,10.51,90,90,8.19
84,Jawhar,SO,2.7809,45.5005,79.95,70,43,7.7
85,Kisangani,CD,0.5167,25.2,69.78,99,100,0.65
86,Port Hedland,AU,-20.3167,118.5667,98.65,9,0,14.97
87,Victoria,HK,22.2855,114.1577,74.32,92,100,5.99
88,Barrow,US,71.2906,-156.7887,15.82,79,100,8.05
89,Samfya,ZM,-11.3649,29.5565,74.17,41,83,10.94
90,Comodoro Rivadavia,AR,-45.8667,-67.5,58.46,55,11,3.87
91,Isangel,VU,-19.55,169.2667,86.11,70,75,3.44
92,Port Alfred,ZA,-33.5906,26.891,69.15,83,100,6.69
93,Bubaque,GW,11.2833,-15.8333,82.81,74,33,6.71
94,Cape Town,ZA,-33.9258,18.4232,62.91,86,1,1.01
95,Sorland,NO,67.667,12.6934,47.5,84,100,11.7
96,Andros Town,BS,24.7,-77.7667,80.37,72,90,14.07
97,Taoudenni,ML,22.6783,-3.9836,70.57,15,14,10.11
98,Cidreira,BR,-30.1811,-50.2056,53.87,75,0,3.24
99,Mapiripan,CO,2.8892,-72.1256,64.71,96,100,8.19
100,Carnarvon,AU,-24.8667,113.6333,82.36,39,0,10.94
101,Iqaluit,CA,63.7506,-68.5145,15.53,86,100,29.93
102,Saint-Augustin,CA,51.226,-58.6502,31.35,53,63,24.25
103,San Cristobal,VE,7.7669,-72.225,71.78,99,99,3.29
104,Vaitape,PF,-16.5167,-151.75,77.61,80,100,16.4
105,Cairo,EG,30.0626,31.2497,65.16,82,0,0.0
106,Manzanillo,CU,20.3433,-77.1167,74.35,93,92,9.37
107,Hamilton,US,39.1834,-84.5333,58.05,93,100,4.61
108,Lebu,CL,-37.6167,-73.65,52.72,94,16,0.16
109,Myrtle Beach,US,33.6891,-78.8867,64.44,87,0,4.61
110,Havelock,US,34.8791,-76.9013,60.94,90,0,10.36
111,Husavik,IS,66.0449,-17.3389,39.02,99,100,11.56
112,Rock Sound,BS,24.9,-76.2,80.44,69,77,13.31
113,Chuy,UY,-33.6971,-53.4616,48.78,68,0,4.05
114,Thompson,CA,55.7435,-97.8558,23.94,92,100,12.37
115,Hofn,IS,64.2539,-15.2082,40.19,78,98,13.38
116,Talnakh,RU,69.4865,88.3972,7.09,96,100,7.81
117,Faya,SA,18.3851,42.4509,59.52,74,9,0.58
118,Ames,US,42.0347,-93.6199,64.31,60,0,10.36
119,Calvinia,ZA,-31.4707,19.776,58.69,74,6,4.63
120,Oriximina,BR,-1.7656,-55.8661,73.26,96,85,3.04
121,Khasan,RU,42.4308,130.6434,43.9,25,1,22.06
122,Oistins,BB,13.0667,-59.5333,80.69,78,75,16.11
123,Mabaruma,GY,8.2,-59.7833,74.23,98,100,2.42
124,Stony Plain,CA,53.5334,-114.0021,21.58,82,100,9.22
125,Aviles,ES,43.5547,-5.9248,60.37,84,100,2.3
126,Merke,KZ,42.8728,73.1786,53.37,63,20,8.19
127,Kenora,CA,49.8167,-94.4337,57.78,67,66,10.0
128,Panaba,MX,21.2833,-88.2667,75.88,92,100,6.22
129,Lompoc,US,34.6391,-120.4579,52.02,97,40,5.75
130,Balkhash,KZ,46.844,74.9804,38.01,65,0,11.18
131,Pevek,RU,69.7008,170.3133,-13.45,98,45,4.27
132,Gezing,AT,47.9178,13.1299,46.35,99,64,2.86
133,Nesbyen,NO,60.5681,9.1027,43.02,98,100,4.0
134,Atar,MR,20.5169,-13.0499,73.96,11,0,8.21
135,San Martin,AR,-33.081,-68.4681,59.18,19,18,5.57
136,Hazorasp,UZ,41.3194,61.0742,51.64,31,12,5.39
137,Luwuk,ID,-0.9516,122.7875,85.3,75,98,1.72
138,Brunswick,US,41.2381,-81.8418,51.58,62,20,6.91
139,Usevya,TZ,-7.1,31.2333,77.29,36,73,9.08
140,Alice Springs,AU,-23.7,133.8833,74.75,17,0,12.66
141,Port-Gentil,GA,-0.7193,8.7815,76.24,88,100,7.92
142,Cabedelo,BR,-6.9811,-34.8339,75.87,75,28,8.46
143,Bonga,ET,7.2833,36.2333,63.5,75,41,1.88
144,Hay River,CA,60.8156,-115.7999,12.81,89,81,10.4
145,Geraldton,AU,-28.7667,114.6,84.61,28,0,14.97
146,Beloha,MG,-25.1667,45.05,74.19,66,70,8.79
147,La Libertad,EC,-2.2333,-80.9,68.2,81,100,9.53
148,Kutum,SD,14.2,24.6667,58.96,29,23,6.87
149,San Quintin,MX,30.4833,-115.95,61.65,63,22,16.75
150,Salinopolis,BR,-0.6136,-47.3561,77.95,87,41,4.34
151,Itoman,JP,26.1247,127.6694,83.17,66,40,16.11
152,Dakar,SN,14.6937,-17.4441,83.28,49,5,14.25
153,Mount Isa,AU,-20.7333,139.5,82.17,13,0,13.8
154,Batemans Bay,AU,-35.7167,150.1833,64.09,54,88,4.52
155,Qaanaaq,GL,77.484,-69.3632,3.33,69,81,7.47
156,Robertsport,LR,6.7533,-11.3686,79.47,79,99,2.93
157,Camacha,PT,33.0833,-16.3333,67.42,83,75,5.75
158,Port Shepstone,ZA,-30.7414,30.455,67.23,81,81,9.22
159,Copala,MX,16.65,-98.9833,77.05,83,1,2.68
160,Nanortalik,GL,60.1432,-45.2371,34.84,79,100,13.13
161,Misratah,LY,32.3754,15.0925,69.57,63,0,2.77
162,Mar Del Plata,AR,-38.0023,-57.5575,55.09,91,40,11.99
163,Hami,CN,42.8,93.45,54.23,27,0,3.36
164,Fairbanks,US,64.8378,-147.7164,19.4,79,100,0.0
165,Heihe,CN,50.2441,127.4902,28.98,33,76,15.17
166,Port Elizabeth,ZA,-33.918,25.5701,63.32,99,100,1.99
167,Kyra,RU,49.5776,111.9753,33.01,34,1,6.13
168,Yaan,NG,7.3833,8.5667,71.58,97,98,4.7
169,Plano,US,33.0198,-96.6989,67.95,80,40,12.66
170,Terra Nova,BR,-12.3667,-40.6667,70.09,91,100,2.19
171,Norman Wells,CA,65.282,-126.8329,3.22,88,50,13.24
172,Honningsvag,NO,70.9821,25.9704,38.95,87,0,28.77
173,Puerto Leguizamo,CO,-0.1934,-74.7819,60.58,93,100,1.52
174,Wajir,KE,1.7471,40.0573,77.63,73,71,13.4
175,Port Said,EG,31.2565,32.2841,72.73,64,14,10.74
176,Keti Bandar,PK,24.1447,67.4497,84.96,53,0,10.47
177,Pochutla,MX,15.7432,-96.4661,73.89,83,6,3.6
178,Nemuro,JP,43.3236,145.575,54.91,61,100,17.13
179,Ishigaki,JP,24.3448,124.1572,79.05,85,59,17.49
180,Gilbues,BR,-9.8317,-45.3439,74.57,77,98,1.01
181,Boone,US,39.0334,-92.3335,63.39,68,1,9.89
182,Paita,PE,-5.0892,-81.1144,62.51,82,33,10.69
183,Narsaq,GL,60.9167,-46.05,19.62,66,100,8.34
184,Ponta Do Sol,PT,32.6667,-17.1,68.72,89,88,0.38
185,Mehamn,NO,71.0357,27.8492,37.35,87,0,14.97
186,Neuquen,AR,-38.9516,-68.0591,66.54,24,0,6.91
187,Tuktoyaktuk,CA,69.4541,-133.0374,10.4,79,100,13.8
188,San Patricio,US,28.017,-97.5169,75.07,91,69,4.25
189,Iwanai,JP,42.9744,140.5089,43.05,67,100,13.51
190,Eskisehir,TR,39.7767,30.5206,31.91,80,0,2.3
191,Kurilsk,RU,45.2333,147.8833,45.48,79,91,9.78
192,Bismarck,US,46.8083,-100.7837,44.44,70,0,20.71
193,Livingston,GB,55.9029,-3.5226,45.88,84,0,12.66
194,College,US,64.8569,-147.8028,19.38,76,75,0.0
195,Georgetown,MY,5.4112,100.3354,85.95,73,20,2.3
196,Olafsvik,IS,64.8945,-23.7142,38.41,75,74,19.69
197,Coquimbo,CL,-29.9533,-71.3436,55.13,94,100,3.44
198,Maku,IR,39.2911,44.4521,46.96,43,3,3.83
199,Boguchany,RU,58.3814,97.4531,33.73,76,100,4.85
200,Kyzyl-Suu,KG,42.3414,78.0056,46.9,43,88,4.14
201,Bac Lieu,VN,9.285,105.7244,80.51,83,100,11.59
202,Naze,JP,28.3667,129.4833,73.24,77,77,10.42
203,Okakarara,NA,-20.5833,17.4333,69.01,28,6,4.32
204,Whitecourt,CA,54.1502,-115.6855,14.05,83,62,0.56
205,Kizukuri,JP,40.8061,140.3861,52.95,94,100,7.43
206,Esperance,AU,-33.8667,121.9,67.8,56,94,8.7
207,Road Town,VG,18.4167,-64.6167,80.69,75,61,13.6
208,Kon Tum,VN,14.35,108.0,81.72,50,83,2.84
209,Olinda,BR,-8.0089,-34.8553,78.53,73,40,5.75
210,Faratsiho,MG,-19.4,46.95,66.22,63,56,1.88
211,Arimalam,IN,10.2667,78.9,81.34,71,100,11.01
212,Jiangyou,CN,31.7667,104.7167,69.12,59,84,4.14
213,Gamba,GA,-2.65,10.0,74.41,94,100,5.53
214,Santiago Del Estero,AR,-27.7951,-64.2615,57.49,29,0,8.37
215,Skjervoy,NO,70.0311,20.9714,39.2,77,24,10.49
216,Lyngseidet,NO,69.5763,20.2189,39.2,87,47,12.93
217,Hede,CN,33.7681,120.2517,65.93,41,4,13.15
218,Tautira,PF,-17.7333,-149.15,75.33,87,98,21.45
219,Katsuura,JP,35.1333,140.3,72.63,67,11,20.8
220,Warrington,GB,53.3925,-2.5802,48.92,88,20,5.75
221,Bonoua,CI,5.2741,-3.595,74.82,92,80,3.4
222,Kavieng,PG,-2.5744,150.7967,84.49,69,68,1.9
223,Bela,IN,25.9333,81.9833,82.78,39,0,6.49
224,Kiunga,PG,-6.1219,141.2906,84.79,68,94,4.25
225,Wiarton,CA,44.7407,-81.1332,50.4,76,5,9.17
226,Liverpool,GB,53.4106,-2.9779,48.74,88,20,5.75
227,Tasiilaq,GL,65.6145,-37.6368,32.16,72,100,4.9
228,Saint-Pierre,RE,-21.3393,55.4781,79.57,65,75,5.75
229,Burgeo,CA,47.6167,-57.6152,37.26,62,11,29.17
230,Swan Hill,AU,-35.3378,143.5544,60.67,49,66,13.11
231,Pangnirtung,CA,66.1451,-65.7125,21.88,73,100,3.49
232,Moscow,RU,55.7522,37.6156,30.24,85,25,5.28
233,Constitucion,CL,-35.3333,-72.4167,51.73,90,3,3.87
234,Raipur,IN,21.2333,81.6333,84.34,48,1,4.61
235,Bagan,RU,54.1001,77.6646,37.9,60,8,10.49
236,Kavaratti,IN,10.5669,72.642,82.49,67,2,9.8
237,Bethel,US,41.3712,-73.414,53.42,83,0,0.0
238,Kodiak,US,57.79,-152.4072,38.71,65,100,11.5
239,Palmer,US,42.1584,-72.3287,51.19,93,0,0.0
240,Zhigansk,RU,66.7697,123.3711,10.42,95,100,13.85
241,Solnechnyy,RU,50.7214,136.6319,27.86,74,100,7.61
242,Ranot,TH,7.7777,100.3213,84.04,65,89,8.34
243,Svetlogorsk,BY,52.6333,29.7333,43.68,97,100,3.11
244,Merrill,US,45.1805,-89.6835,60.57,56,0,6.91
245,Waukesha,US,43.0333,-88.3001,57.38,81,0,4.61
246,Clyde River,CA,70.4692,-68.5914,26.83,86,100,13.8
247,Prince Rupert,CA,54.3161,-130.3201,39.06,61,100,7.74
248,Ouidah,BJ,6.3631,2.0851,79.2,84,69,5.75
249,Kahului,US,20.8947,-156.47,78.84,74,40,14.97
250,Qandala,SO,11.472,49.8728,80.94,66,1,6.33
251,Vestmanna,FO,62.1564,-7.1664,45.52,93,100,6.91
252,Kinkala,CG,-4.3614,14.7644,70.79,95,100,0.81
253,Oum Hadjer,TD,13.2954,19.6966,71.55,23,95,7.9
254,Cabo San Lucas,MX,22.8909,-109.9124,75.51,72,1,3.0
255,Trondheim,NO,63.4305,10.3951,48.25,86,46,1.01
256,Trairi,BR,-3.2778,-39.2689,77.14,83,35,6.02
257,Hof,DE,50.3167,11.9167,42.51,92,98,5.01
258,Sergeyevka,KZ,53.88,67.4158,33.3,83,73,12.8
259,Saint George,US,37.1041,-113.5841,47.43,79,20,5.75
260,Vostok,RU,46.4856,135.8833,26.69,49,91,14.54
261,Russell,US,32.3502,-85.1999,63.63,79,0,4.12
262,Hobyo,SO,5.3505,48.5268,81.19,67,32,6.93
263,Havre-Saint-Pierre,CA,50.2334,-63.5986,34.63,51,7,19.93
264,Xunchang,CN,28.4543,104.715,68.61,66,88,5.26
265,Lundazi,ZM,-12.2929,33.1782,73.98,48,2,11.23
266,Burlington,US,39.8835,-74.6413,55.78,93,0,0.0
267,Sisimiut,GL,66.9395,-53.6735,18.46,56,30,12.08
268,Kalmunai,LK,7.4167,81.8167,83.59,71,57,4.54
269,Phalaborwa,ZA,-23.943,31.1411,66.99,71,100,1.28
270,Adrar,MR,20.5022,-10.0711,68.45,14,2,9.46
271,Akonolinga,CM,3.7667,12.25,66.18,99,98,0.92
272,Xuddur,SO,4.1213,43.8894,75.76,73,67,10.04
273,Tazmalt,DZ,36.3868,4.3989,66.0,39,20,5.3
274,Kinshasa,CD,-4.3246,15.3215,71.19,91,96,1.3
275,Hasaki,JP,35.7333,140.8333,75.6,58,1,20.07
276,Afsin,TR,38.2477,36.914,46.08,38,0,1.3
277,Sterling,US,39.0062,-77.4286,57.18,90,75,3.44
278,Codrington,AU,-38.2667,141.9667,55.36,70,73,13.18
279,Tucuman,AR,-26.8241,-65.2226,53.6,35,0,9.22
280,Slave Lake,CA,55.2834,-114.769,15.71,91,92,1.97
281,Nimaparha,IN,20.0667,86.0167,82.8,51,89,5.77
282,Imbituba,BR,-28.24,-48.6703,56.34,89,76,7.2
283,Kozhva,RU,65.1073,57.0459,15.91,94,94,3.56
284,Komsomolskiy,UZ,40.4272,71.7189,54.32,82,75,2.3
285,Colesberg,ZA,-30.72,25.0972,61.27,78,100,15.73
286,Igurubi,TZ,-4.0,33.7,73.94,50,61,11.05
287,Port Augusta,AU,-32.5,137.7667,67.62,42,39,10.69
288,Maryborough,AU,-25.5333,152.7,78.35,23,0,5.7
289,Maldonado,UY,-34.6667,-54.9167,54.23,69,0,2.08
290,The Pas,CA,53.8251,-101.2541,24.57,93,100,8.08
291,Piracanjuba,BR,-17.3028,-49.0167,62.24,89,100,7.76
292,Lasa,IT,46.6166,10.7002,43.36,91,85,4.03
293,Mashhad,IR,36.297,59.6062,51.94,93,100,6.91
294,Terra Santa,BR,-2.1042,-56.4869,72.84,90,77,2.73
295,Bardiyah,LY,31.7561,25.0865,65.32,74,0,8.46
296,Puerto Quijarro,BO,-17.7833,-57.7667,58.8,41,1,5.77
297,Puerto Varas,CL,-41.3195,-72.9854,46.62,100,0,2.3
298,Tommot,RU,58.9564,126.2925,17.02,85,31,2.04
299,Pisco,PE,-13.7,-76.2167,60.85,88,0,5.75
300,Dongsheng,CN,39.8161,109.9776,39.61,35,10,9.69
301,Tatawin,TN,32.9297,10.4518,58.12,79,0,1.95
302,Viedma,AR,-40.8135,-62.9967,54.84,72,0,11.59
303,Haines Junction,CA,60.7522,-137.5108,24.69,94,100,3.91
304,Batsfjord,NO,70.6345,29.7185,35.53,93,100,17.27
305,Lingyuan,CN,41.24,119.4011,42.82,20,0,9.4
306,Asau,RO,46.4333,26.4,40.28,91,62,3.83
307,Zaragoza,ES,41.6561,-0.8773,59.45,73,20,1.99
308,Jennings,US,38.7192,-90.2604,63.84,69,0,6.91
309,Katobu,ID,-4.9408,122.5276,92.14,50,100,1.39
310,Arlit,NE,18.7369,7.3853,72.82,24,82,6.31
311,Souillac,MU,-20.5167,57.5167,77.38,69,40,12.66
312,Starozhilovo,RU,54.2254,39.916,30.13,85,42,8.95
313,Kursenai,LT,55.985,22.9189,48.45,96,100,5.97
314,Vila Do Maio,CV,15.1333,-23.2167,77.79,73,96,11.54
315,Moose Factory,CA,51.2585,-80.6094,47.48,80,100,11.39
316,Kumluca,TR,36.3703,30.2869,67.57,30,0,5.08
317,Coxim,BR,-18.5067,-54.76,64.36,68,96,11.01
318,Guerrero Negro,MX,27.9769,-114.0611,65.5,74,100,11.86
319,Parkes,AU,-33.1333,148.1833,58.53,62,75,8.12
320,Vila Franca Do Campo,PT,37.7167,-25.4333,65.19,98,99,2.21
321,Karakol,KG,42.4907,78.3936,47.08,35,98,4.34
322,Haileybury,CA,47.449,-79.6373,48.36,76,100,9.46
323,Hambantota,LK,6.1241,81.1185,84.6,69,66,15.66
324,Manta,EC,-0.95,-80.7333,69.58,88,75,10.36
325,Arcata,US,40.8665,-124.0828,43.75,96,0,4.61
326,Llanes,ES,43.4198,-4.7549,59.9,57,100,2.68
327,Portobelo,PA,9.55,-79.65,79.95,84,100,7.54
328,Migori,KE,-1.0634,34.4731,68.76,67,100,8.19
329,Talara,PE,-4.5772,-81.2719,64.58,77,40,16.35
330,Apiai,BR,-24.5094,-48.8425,46.29,100,95,3.2
331,Aktash,RU,50.3,87.7333,26.96,37,90,3.78
332,Okha,RU,53.5739,142.9478,34.32,95,100,32.12
333,Tiarei,PF,-17.5333,-149.3333,77.02,87,87,19.24
334,Saldanha,ZA,-33.0117,17.9442,59.99,88,12,6.76
335,Coihaique,CL,-45.5752,-72.0662,47.01,90,7,2.3
336,Torbay,CA,47.6666,-52.7314,40.75,92,100,20.71
337,Sapa,PH,5.1544,120.3241,83.35,76,100,8.86
338,Masinigudi,IN,11.5667,76.6667,74.93,73,81,4.07
339,Biltine,TD,14.5333,20.9167,68.68,22,53,11.77
340,Moerai,PF,-22.4333,-151.3333,72.27,70,93,26.15
341,Sur,OM,22.5667,59.5289,84.99,39,11,6.08
342,Sambava,MG,-14.2667,50.1667,74.43,77,57,5.95
343,Baykit,RU,61.67,96.37,22.73,68,100,3.78
344,Romitan,UZ,39.9343,64.3814,57.15,51,0,4.61
345,Sistranda,NO,63.7256,8.834,46.36,81,33,23.2
346,Mugur-Aksy,RU,50.35,90.5,25.59,65,20,5.57
347,Leh,IN,34.1667,77.5833,35.92,47,42,2.98
348,Noyabrsk,RU,63.1994,75.4507,18.12,93,81,13.29
349,Douentza,ML,14.9951,-2.9517,72.55,17,0,4.05
350,Yamada,JP,39.4667,141.95,62.51,67,79,12.68
351,Ribeira Grande,PT,38.5167,-28.7,63.77,92,94,5.01
352,Praya,CV,14.9215,-23.5087,77.54,78,0,13.8
353,Ayan,RU,56.45,138.1667,33.58,70,100,12.37
354,Normandin,CA,48.8333,-72.5321,35.49,62,92,3.65
355,Leningradskiy,RU,69.3833,178.4167,-1.25,91,92,8.95
356,Shelburne,CA,44.0787,-80.2041,48.6,89,4,7.14
357,Shakawe,BW,-18.3667,21.85,69.66,80,99,3.85
358,Necochea,AR,-38.5473,-58.7368,46.22,91,0,9.33
359,Celestun,MX,20.8667,-90.4,78.62,84,100,11.81
360,Mihalt,RO,46.15,23.7333,51.55,88,98,2.08
361,Nara,JP,34.6851,135.8049,75.49,32,0,7.99
362,Mazagao,BR,-0.115,-51.2894,80.65,89,94,3.67
363,Bisho,ZA,-32.8472,27.4422,60.55,96,100,2.55
364,Katoro,TZ,-3.0203,31.8958,69.48,76,99,3.62
365,Kaitangata,NZ,-46.2817,169.8464,60.22,51,57,5.93
366,Deputatskiy,RU,69.3,139.9,-6.52,88,99,1.59
367,Skelleftea,SE,64.7507,20.9528,43.16,100,100,4.61
368,Sao Joao Da Barra,BR,-21.6403,-41.0511,64.98,90,100,17.65
369,Stornoway,GB,58.2093,-6.3865,46.36,83,40,23.02
370,Meulaboh,ID,4.1363,96.1285,82.02,74,90,4.07
371,Solotcha,RU,54.7917,39.8442,31.17,81,73,7.45
372,Saskylakh,RU,71.9167,114.0833,4.39,91,100,12.06
373,Gisborne,NZ,-38.6533,178.0042,67.35,78,100,8.19
374,Peachtree City,US,33.3968,-84.5958,60.49,89,75,4.61
375,Atasu,KZ,48.6814,71.6433,37.89,57,14,16.84
376,Igarka,RU,67.4667,86.5833,1.92,98,69,4.76
377,San Carlos De Bariloche,AR,-41.1456,-71.3082,54.25,41,0,8.05
378,Zhuhai,CN,22.2769,113.5678,73.18,88,40,5.75
379,Jaguaquara,BR,-13.5306,-39.9708,67.1,98,100,2.98
380,Lubango,AO,-14.9172,13.4925,63.77,69,85,2.1
381,Rocha,UY,-34.4833,-54.3333,48.33,61,0,4.18
382,Lachute,CA,45.6501,-74.3325,44.46,71,52,3.36
383,Poum,NC,-20.2333,164.0167,79.9,70,29,9.13
384,Wiang Sa,TH,8.6359,99.3666,89.29,50,90,4.9
385,Thanh Hoa,VN,19.8,105.7667,82.78,37,82,4.16
386,Newport,GB,51.5877,-2.9984,51.64,91,100,8.32
387,Xinmin,CN,41.9908,122.8253,38.35,18,0,12.01
388,Indianola,US,41.3581,-93.5574,64.09,57,45,17.78
389,Makakilo City,US,21.3469,-158.0858,79.12,67,0,10.36
390,Koksovyy,RU,48.1967,40.5989,39.94,86,61,6.35
391,Tulum,MX,20.2167,-87.4667,76.28,94,100,6.33
392,Puerto Maldonado,PE,-12.6,-69.1833,61.48,64,100,2.21
393,Balikpapan,ID,-1.2675,116.8289,85.19,70,20,0.0
394,La Ronge,CA,55.1001,-105.2842,25.05,94,100,15.5
395,Parabel,RU,58.6978,81.4825,29.98,78,81,9.04
396,Kununurra,AU,-15.7667,128.7333,102.18,24,38,6.91
397,Valenca Do Piaui,BR,-6.4075,-41.7456,72.81,82,85,3.67
398,Fereydun Kenar,IR,36.6864,52.5225,62.35,57,2,2.26
399,Buala,SB,-8.145,159.5921,82.94,75,82,1.61
400,Ardatov,RU,55.2421,43.097,31.68,94,100,11.01
401,San Andres,CO,12.5847,-81.7006,77.02,100,100,3.44
402,Tual,ID,-5.6667,132.75,79.88,75,100,3.42
403,Longyearbyen,SJ,78.2186,15.6401,33.64,93,75,2.3
404,Antalaha,MG,-14.9003,50.2788,76.53,67,85,2.37
405,Hervey Bay,AU,-25.2986,152.8535,75.04,29,0,2.44
406,Noumea,NC,-22.2763,166.4572,87.78,74,31,7.94
407,Praia,CV,14.9215,-23.5087,77.54,78,0,13.8
408,Australind,AU,-33.2667,115.7167,77.04,43,100,5.46
409,Aklavik,CA,68.2191,-135.0107,-5.71,93,100,10.6
410,Yanam,IN,16.7333,82.2167,81.19,80,99,5.53
411,Thinadhoo,MV,0.5333,72.9333,81.14,77,99,21.05
412,Yulara,AU,-25.2406,130.9889,77.61,17,0,9.84
413,Labuhan,ID,-6.8844,112.2051,88.45,58,61,7.74
414,Kampot,KH,10.6167,104.1833,86.05,71,98,4.61
415,Beyneu,KZ,45.3167,55.2,45.64,66,100,12.41
416,Umm Kaddadah,SD,13.6017,26.6876,67.39,24,13,15.03
417,Sain Alto,MX,23.5833,-103.25,58.35,32,0,3.42
418,Lithakia,GR,37.7167,20.8333,56.57,74,50,4.94
419,Lipetsk,RU,52.6031,39.5708,30.36,82,34,7.99
420,Peniche,PT,39.3558,-9.3811,61.29,93,100,15.73
421,Itaquyry,PY,-24.9333,-55.2167,49.24,85,4,3.18
422,Bayji,IQ,34.9311,43.487,67.6,43,6,5.55
423,Pontes E Lacerda,BR,-15.2261,-59.3353,58.41,40,30,3.74
424,Sangre Grande,TT,10.5835,-61.1177,79.18,92,93,6.44
425,Axim,GH,4.8699,-2.2405,77.74,87,63,5.7
426,Akyab,MM,20.15,92.9,84.61,64,0,1.21
427,Mingshui,CN,36.7167,117.5,49.59,73,100,11.88
428,Broome,US,42.2506,-75.833,51.53,80,0,3.44
429,Nioaque,BR,-21.1353,-55.83,59.31,64,27,6.38
430,Tshela,CD,-4.9833,12.9333,73.2,99,100,0.81
431,Egvekinot,RU,66.3167,-179.1667,4.75,94,100,1.14
432,Ulladulla,AU,-35.35,150.4667,60.87,55,82,5.14
433,Ilulissat,GL,69.2167,-51.1,19.42,42,4,5.75
434,Alofi,NU,-19.0595,-169.9187,76.89,88,100,13.8
435,Belene,BG,43.65,25.1167,52.39,68,50,1.77
436,Abnub,EG,27.2696,31.1511,61.02,65,7,6.76
437,Cam Ranh,VN,11.9214,109.1591,84.16,61,20,12.66
438,Umarkhed,IN,19.6,77.7,78.24,48,0,7.18
439,Turukhansk,RU,65.8167,87.9833,3.56,95,86,2.17
440,Portland,US,45.5234,-122.6762,45.61,91,100,6.91
441,San Rafael,AR,-34.6177,-68.3301,60.73,18,16,9.15
442,Matagami,CA,49.7502,-77.6328,37.51,70,20,9.22
443,Tiksi,RU,71.6872,128.8694,7.68,92,100,8.19
444,Westlock,CA,54.1502,-113.8688,20.1,89,97,5.73
445,Bilma,NE,18.6853,12.9164,65.17,31,2,12.1
446,Te Anau,NZ,-45.4167,167.7167,49.12,84,49,8.66
447,Tall Kayf,TR,37.0833,41.0667,59.34,38,0,6.91
448,Tabou,CI,4.423,-7.3528,76.77,89,85,5.39
449,Muros,ES,42.7762,-9.0603,64.09,90,99,19.89
450,Clarksville,US,36.5298,-87.3595,53.26,93,0,0.0
451,Nisia Floresta,BR,-6.0911,-35.2086,77.81,81,24,4.65
452,Flinders,AU,-34.5833,150.8552,64.06,69,79,7.23
453,Gat,IL,31.61,34.7642,66.4,100,3,2.13
454,Altagracia De Orituco,VE,9.8601,-66.3814,69.87,98,94,0.87
455,Usakos,NA,-22.0,15.6,67.26,33,15,1.36
456,Gagra,GE,43.3283,40.2239,50.92,66,97,4.5
457,Vizinga,RU,61.0749,50.1031,32.7,85,100,9.28
458,Floro,NO,61.5996,5.0328,50.97,71,40,21.85
459,Swellendam,ZA,-34.0226,20.4417,61.92,82,10,2.66
460,Cuauhtemoc,MX,28.4167,-106.8667,51.46,33,6,5.48
461,Yuci,CN,37.6803,112.7319,55.15,41,0,2.24
462,Porto Belo,BR,-27.1578,-48.5531,60.17,85,51,8.68
463,Abha,SA,18.2164,42.5053,60.62,88,15,0.0
464,Pinega,RU,64.7001,43.3936,25.65,90,6,3.36
465,Victoria Point,AU,-27.5833,153.3,79.07,47,25,10.85
466,Anadyr,RU,64.75,177.4833,10.9,85,40,8.95
467,Yei,SS,4.095,30.6779,67.5,95,100,2.48
468,Great Yarmouth,GB,52.6083,1.7305,54.01,86,100,14.76
469,Salalah,OM,17.0151,54.0924,84.29,58,75,1.14
470,Tafresh,IR,34.692,50.013,49.64,59,73,5.88
471,Guaxupe,BR,-21.3053,-46.7128,53.89,96,90,4.43
472,Nantucket,US,41.2835,-70.0995,55.15,87,0,5.75
473,Lagoa,PT,39.05,-27.9833,63.66,80,78,18.45
474,Vientiane,LA,17.9667,102.6,85.95,51,40,6.91
475,Razole,IN,16.4833,81.8333,80.37,79,100,5.35
476,Pakxan,LA,18.3778,103.6601,83.5,46,61,2.66
477,Veszto,HU,46.9167,21.2667,52.38,84,100,4.16
478,Ossora,RU,59.2353,163.0719,15.82,84,51,5.37
479,Kiama,AU,-34.6833,150.8667,64.26,66,68,1.01
480,Porto Novo,BJ,6.4965,2.6036,82.22,87,88,3.29
481,Ucluelet,CA,48.9329,-125.5528,43.92,74,86,3.85
482,Lokosovo,RU,61.1333,74.8167,34.11,90,99,11.32
483,Port Blair,IN,11.6667,92.75,83.53,63,100,8.3
484,Caravelas,BR,-17.7125,-39.2481,70.88,93,100,14.25
485,Guanay,BO,-15.4975,-67.8797,59.85,80,68,0.45
486,Genhe,CN,50.7833,121.5167,23.63,41,1,9.51
487,Harper,LR,4.375,-7.7169,76.91,88,94,5.46
488,Brae,GB,60.3964,-1.353,49.62,85,67,15.61
489,High Level,CA,58.5169,-117.136,12.31,92,100,9.22
490,Acapulco,MX,16.8634,-99.8901,76.82,88,0,2.3
491,Tateyama,JP,34.9833,139.8667,72.0,67,1,23.31
492,Qiongshan,CN,20.0058,110.3542,75.18,78,75,4.47
493,Sukumo,JP,32.9333,132.7333,72.99,60,0,4.74
494,Jalu,LY,29.0331,21.5482,60.17,84,0,4.29
495,Bani Walid,LY,31.7566,13.9942,60.53,84,1,3.09
496,Whitehorse,CA,60.7161,-135.0538,16.16,97,64,7.63
497,Kirakira,SB,-10.4544,161.9205,82.78,78,52,4.41
498,Bam,IR,29.106,58.357,77.27,24,20,2.73
499,Barra Do Garcas,BR,-15.89,-52.2567,69.19,65,100,4.9
500,Brenham,US,30.1669,-96.3977,71.35,81,100,3.44
501,Vardo,NO,70.3705,31.1107,40.78,91,95,23.33
502,Inhambane,MZ,-23.865,35.3833,75.18,83,75,3.44
503,Kovernino,RU,57.1253,43.8142,33.76,90,100,9.15
504,Nador,MA,35.174,-2.9287,66.45,82,75,5.75
505,Sembakung,ID,3.8167,117.25,83.52,73,100,1.34
506,Chokurdakh,RU,70.6333,147.9167,-1.66,88,100,6.87
507,La Sarre,CA,48.8002,-79.1996,46.78,79,100,11.01
508,Fez,MA,34.0372,-4.9998,53.85,71,0,6.91
509,Alakurtti,RU,66.9672,30.3491,23.02,100,100,2.17
510,Sabha,LY,27.0377,14.4283,59.47,58,4,7.96
511,Altay,CN,47.8667,88.1167,43.41,32,43,0.83
512,Mehriz,IR,31.5917,54.4318,52.3,51,75,8.39
513,Trois-Rivieres,CA,46.3501,-72.5491,42.66,90,0,3.44
514,Waingapu,ID,-9.6567,120.2641,87.48,63,95,9.53
515,Kasongo-Lunda,CD,-6.4667,16.8167,68.31,98,99,0.65
516,Aginskoye,RU,51.1,114.53,30.47,42,3,14.23
517,Marystown,CA,47.1666,-55.1483,37.18,62,80,25.28
518,Kariapatti,IN,9.6751,78.0999,82.92,74,75,4.61
519,Abbeville,FR,50.1,1.8333,57.25,80,100,17.81
520,Chapais,CA,49.7834,-74.8492,33.58,59,100,7.76
521,Sibolga,ID,1.7427,98.7792,84.13,68,100,5.03
522,Butembo,CD,0.15,29.2833,59.83,94,99,1.83
523,Amarante,BR,-6.2411,-42.8547,76.42,79,95,2.24
524,Wawa,NG,9.9022,4.4192,74.28,44,93,1.21
525,Grand Gaube,MU,-20.0064,57.6608,78.39,63,3,11.99
526,Guilford,US,36.0668,-79.7998,58.5,87,75,3.44
527,Pacific Grove,US,36.6177,-121.9166,52.66,82,40,5.99
528,Cherskiy,RU,68.75,161.3,-8.55,91,100,4.63
529,Margate,GB,51.3813,1.3862,60.31,87,100,3.0
530,Ust-Kulom,RU,61.6864,53.6902,29.52,86,59,7.96
531,Norsup,VU,-16.0667,167.3833,82.69,68,12,6.31
532,Leshan,CN,29.5623,103.7639,62.42,85,100,2.75
533,Okhotsk,RU,59.3833,143.3,28.29,95,100,7.54
534,Abdanan,IR,32.9926,47.4198,61.11,34,100,5.46
535,Chachapoyas,PE,-6.2317,-77.869,52.57,97,100,2.84
536,Trincomalee,LK,8.5711,81.2335,83.34,71,44,9.48
537,Farafangana,MG,-22.8167,47.8333,76.93,69,46,12.12
538,Kieta,PG,-6.2167,155.6333,81.21,80,100,2.33
539,Bindura,ZW,-17.3019,31.3306,67.86,73,25,4.29
540,Kamiiso,JP,41.8167,140.65,44.98,87,75,9.22
541,Grenville,GD,12.1167,-61.6167,80.65,89,80,15.03
542,Kalach-Na-Donu,RU,48.691,43.5264,34.65,76,50,9.82
543,The Valley,AI,18.217,-63.0578,81.1,75,7,11.21
544,Byron Bay,AU,-28.65,153.6167,71.71,50,10,12.35
545,Qui Nhon,VN,13.7667,109.2333,78.12,72,80,6.89
546,Krasnaya Gora,RU,52.9995,31.6023,42.15,83,99,3.44
547,Miandrivazo,MG,-19.5167,45.4667,81.82,60,25,1.9
548,George Town,MY,5.4112,100.3354,85.95,74,40,4.61
549,Metro,ID,-5.1131,105.3067,91.0,54,83,1.79
550,Oranjemund,NA,-28.55,16.4333,58.59,82,47,7.61
551,Bandarbeyla,SO,9.4942,50.8122,79.61,70,26,4.52
552,Kajaani,FI,64.2273,27.7285,35.65,93,100,5.75
553,Monduli,TZ,-3.3,36.45,64.15,67,66,3.04
554,Pedernales,DO,18.0384,-71.744,80.26,72,96,3.24
555,Ebeltoft,DK,56.1944,10.6821,51.82,82,75,9.22
556,Flin Flon,CA,54.7682,-101.865,21.15,93,100,11.43
557,Brazzaville,CG,-4.2658,15.2832,71.31,90,98,1.54
558,Novyye Lyady,RU,58.0536,56.6039,34.84,94,100,6.73
559,Tilichiki,RU,60.4667,166.1,-1.93,94,17,6.17
560,Vao,NC,-22.6667,167.4833,76.48,78,1,8.86
561,Khandyga,RU,62.6667,135.6,2.19,96,98,1.16
562,Rovenki,UA,48.0833,39.3776,36.39,89,11,5.19
563,Yar-Sale,RU,66.8333,70.8333,13.44,90,99,6.2
564,Kolokani,ML,13.5728,-8.0339,70.93,21,0,8.63
565,Luorong,CN,24.4058,109.6086,85.24,30,25,12.53
566,Tubuala,PA,9.5167,-79.0333,79.57,86,100,8.97
567,Carahue,CL,-38.7,-73.1667,50.38,88,2,1.16
568,Karratha,AU,-20.7377,116.8463,89.64,22,0,14.45
569,Kotido,UG,2.9806,34.1331,72.03,62,17,11.7
570,Vila Velha,BR,-20.3297,-40.2925,66.15,96,100,14.97
571,Qax,AZ,41.4225,46.9242,43.79,45,25,6.06
572,Agapovka,RU,53.2973,59.1348,27.61,88,100,13.73
573,Zabol,AF,32.25,67.25,63.28,25,13,9.8
574,Baturaja,ID,-4.1333,104.1667,91.18,56,79,2.91
575,Saint-Malo,FR,48.5,-1.8333,57.22,86,100,15.99
576,Shingu,JP,33.7333,135.9833,74.17,57,0,8.68
577,Banda Aceh,ID,5.5577,95.3222,83.64,70,87,8.28
578,Banska Bystrica,SK,48.5,19.5,44.29,87,8,3.24
579,Seoul,KR,37.5683,126.9778,56.59,50,100,9.22
580,Izumo,JP,35.3667,132.7667,69.75,56,20,14.97
581,Oktyabrskoye,RU,43.0645,44.7417,39.34,87,75,2.24
582,Lavrentiya,RU,65.5833,-171.0,11.16,79,19,11.86
583,Dickson,US,36.077,-87.3878,53.94,95,20,0.0
584,Opuwo,NA,-18.0607,13.84,69.51,34,49,1.66
585,Sangar,RU,63.9242,127.4739,7.95,90,100,11.63
586,Dunedin,NZ,-45.8742,170.5036,54.81,71,87,7.0
587,Zyryanka,RU,65.75,150.85,-6.02,88,43,7.34
588,Dzaoudzi,YT,-12.7887,45.2699,80.49,74,20,10.36
589,Arcachon,FR,44.5875,-1.0519,57.52,87,0,2.3
590,Amurzet,RU,47.6967,131.0981,34.03,32,94,17.87
591,Itaituba,BR,-4.2761,-55.9836,71.46,92,75,2.06
592,Bahia Blanca,AR,-38.7196,-62.2724,59.59,39,0,7.67
593,Tombouctou,ML,20.0,-3.0,68.54,16,0,12.33
594,Coahuayana,MX,18.7333,-103.6833,74.88,90,31,2.75
595,Poplar Bluff,US,36.757,-90.3929,56.93,93,0,3.44
596,Bengkulu,ID,-3.8004,102.2655,82.58,67,98,3.67
597,Manitouwadge,CA,49.1215,-85.8403,54.23,61,91,14.18
598,Imuris,MX,30.7833,-110.8667,61.88,82,97,8.59
599,Cabadiangan,PH,9.7531,122.4739,85.48,72,91,4.56
600,Innisfail,AU,-17.5333,146.0333,81.39,52,5,12.03
601,Beira,MZ,-19.8436,34.8389,75.29,94,75,8.05
602,Camana,PE,-16.6228,-72.7111,63.36,85,100,6.62
603,Baruun-Urt,MN,46.6806,113.2792,31.84,37,0,12.88
604,Lotofaga,WS,-13.9764,-171.8578,83.79,74,87,6.44
605,Makat,KZ,47.6469,53.3463,36.0,72,12,17.25
606,Sehithwa,BW,-20.4667,22.7167,73.02,69,62,7.43
607,Valle De Allende,MX,26.9333,-105.4,59.52,42,2,4.43
608,Tornio,FI,65.8481,24.1466,32.02,94,100,12.35
609,Araouane,ML,18.9048,-3.5265,71.28,15,0,9.62
610,Krasnoselkup,RU,65.7,82.4667,6.51,94,59,4.56
611,Sibu,MY,2.3,111.8167,88.11,70,40,3.44
612,Malmesbury,ZA,-33.4608,18.7271,57.78,84,12,1.83
613,Kenai,US,60.5544,-151.2583,33.89,96,75,9.22
614,Luderitz,NA,-26.6481,15.1594,57.78,82,57,2.68
615,Maceio,BR,-9.6658,-35.7353,72.84,94,0,4.61
616,Emerald,AU,-23.5333,148.1667,77.34,30,0,8.84
617,Muroto,JP,33.2833,134.15,69.82,69,0,8.05
618,Boa Vista,BR,2.8197,-60.6733,75.18,94,40,6.91
619,Umkomaas,ZA,-30.2067,30.7978,67.68,78,81,7.07
620,De-Kastri,RU,51.4667,140.7833,30.24,61,92,14.16
621,Saint-Georges,GD,12.0564,-61.7485,80.28,89,20,12.66
622,Montague,US,42.5356,-72.5351,53.55,69,9,2.82
623,Sars,RU,56.5502,57.1366,29.59,84,100,8.34
624,Zruc Nad Sazavou,CZ,49.7401,15.1061,47.28,87,70,4.21
625,Biak,ID,-0.9131,122.8766,83.77,71,95,1.61
626,Kulhudhuffushi,MV,6.6221,73.07,81.43,75,64,11.3
627,Athabasca,CA,54.7169,-113.2854,18.01,83,98,5.53
628,Churapcha,RU,62.0025,132.4325,7.68,92,90,2.75
629,Gulbene,LV,57.1777,26.7529,44.06,88,100,2.86
630,Vila,PT,42.0304,-8.1588,47.28,93,100,9.84
631,Namatanai,PG,-3.6667,152.4333,85.91,66,51,2.28
632,Dudinka,RU,69.4058,86.1778,11.3,93,96,16.11
633,Itarema,BR,-2.9248,-39.9167,76.8,85,26,8.1
634,Ambon,ID,-3.6954,128.1814,91.54,62,40,9.22
635,Caraballeda,VE,10.6112,-66.8522,78.87,78,56,4.61
636,Takoradi,GH,4.8845,-1.7554,77.63,87,36,5.68
637,Bolobo,CD,-2.1667,16.2333,70.95,98,100,0.65
638,Kuching,MY,1.55,110.3333,89.82,66,40,3.44
639,Buenos Aires,AR,-34.6132,-58.3772,65.93,64,0,3.44
640,Kokopo,PG,-4.352,152.2633,81.88,79,69,5.48
641,Nelson,NZ,-41.2833,173.2833,67.28,71,63,13.49
642,Kiknur,RU,57.3034,47.2011,35.04,94,100,13.31
643,Ballina,AU,-28.8667,153.5667,71.78,48,1,12.21
644,Thunder Bay,CA,48.4001,-89.3168,62.58,45,40,12.66
645,Saint Anthony,US,45.0205,-93.218,66.13,52,0,18.41
646,Beringovskiy,RU,63.05,179.3167,9.73,91,75,4.03
647,Dalby,AU,-27.1833,151.2667,72.99,25,0,3.0
648,Aswan,EG,24.0934,32.907,67.3,42,0,4.61
649,Semey,KZ,50.4111,80.2275,37.62,81,75,6.71
650,Sturgeon Falls,CA,46.3646,-79.9326,49.96,85,57,6.96
651,Lerwick,GB,60.1545,-1.1494,51.8,83,67,18.63
652,Ust-Kan,RU,50.9276,84.761,40.73,39,100,4.05
653,Buchanan,LR,5.8808,-10.0467,76.48,87,71,2.33
654,Bonthe,SL,7.5264,-12.505,76.95,86,97,2.68
655,Lovozero,RU,68.005,35.0117,26.53,95,65,3.94
656,Slobidka,UA,47.8869,29.3461,48.06,90,56,8.55
657,Gondanglegi,ID,-7.7479,112.0132,92.03,48,62,7.0
658,Paracuru,BR,-3.41,-39.0306,80.11,83,36,7.16
659,Osorno,CL,-40.5667,-73.15,48.51,87,0,3.44
660,Culasi,PH,11.4272,122.056,84.22,70,24,2.68
661,Loiza,PR,18.4313,-65.8802,80.08,84,89,8.14
662,Manokwari,ID,-0.8667,134.0833,84.04,68,92,2.91
663,Fukue,JP,32.6881,128.8419,70.16,60,20,9.22
664,Piacabucu,BR,-10.4056,-36.4344,74.64,90,70,7.31
665,Ahuimanu,US,21.4447,-157.8378,80.31,74,20,10.36
666,Anaconda,US,46.1285,-112.9423,27.59,93,100,2.66
667,Pringsewu,ID,-5.3582,104.9744,91.15,52,91,0.47
668,Mazamari,PE,-11.3258,-74.5308,61.63,90,94,0.63
669,Najran,SA,17.4924,44.1277,72.25,29,5,1.43
670,Vavozh,RU,56.7751,51.931,33.28,99,100,4.16
671,Kindu,CD,-2.95,25.95,68.72,99,100,2.26
672,Oktyabrskiy,RU,54.4815,53.471,25.02,96,75,6.04
673,Sola,VU,-13.8833,167.55,81.21,70,15,7.81
674,Magistralnyy,RU,56.1725,107.4458,28.2,38,100,6.58
675,Padang,ID,-0.9492,100.3543,89.65,67,78,4.72
676,Nacala,MZ,-14.5428,40.6728,80.85,68,9,3.78
677,Aksarka,RU,66.5606,67.7975,14.22,86,100,2.46
678,Staryy Nadym,RU,65.6118,72.6842,11.95,88,91,9.51
679,Camopi,GF,3.1655,-52.3158,71.82,99,86,2.42
680,Rybachiy,RU,48.7073,44.7449,33.66,70,15,11.61
681,Sao Gabriel Da Cachoeira,BR,-0.1303,-67.0892,69.19,94,100,3.2
682,Kitovo,RU,56.8659,41.2825,31.82,84,100,8.52
683,Kalemie,CD,-5.9475,29.1947,72.1,80,70,5.32
684,Beitbridge,ZW,-22.2167,30.0,67.48,71,100,8.61
685,Anzio,IT,41.4853,12.6179,63.3,77,61,8.3
686,Chicama,PE,-7.8447,-79.1469,59.54,81,88,4.76
687,Channel-Port Aux Basques,CA,47.5702,-59.1367,40.26,54,68,32.5
688,Tevriz,RU,57.509,72.4042,34.95,75,100,8.99
689,Erenhot,CN,43.6475,111.9767,34.5,25,0,9.44
690,Selenginsk,RU,52.0064,106.8647,30.61,28,27,1.9
691,Kibre Mengist,ET,5.8833,38.9833,61.41,80,12,3.0
692,Bairiki,KI,1.3292,172.9752,82.4,74,40,9.22
693,Ostrovnoy,RU,68.0531,39.5131,35.51,92,93,16.2
694,Abeche,TD,13.8292,20.8324,69.04,22,82,11.81
695,Alibag,IN,18.6411,72.8792,89.67,46,0,7.11
696,Smithers,CA,54.7804,-127.1743,30.52,55,100,5.75
697,Kitaibaraki,JP,36.7833,140.75,72.14,58,64,5.35
698,Bayir,TR,37.2687,28.2167,56.91,31,0,3.31
699,Bolshaya Rechka,RU,51.9503,104.7355,25.07,38,30,3.27
700,Pathein,MM,16.7833,94.7333,85.89,68,5,4.5
701,Nouadhibou,MR,20.931,-17.0347,72.19,56,17,10.42
702,Iberia,US,29.9502,-91.7507,68.97,77,75,0.0
703,Zhezkazgan,KZ,47.8043,67.7144,35.58,87,100,20.13
704,Esmeraldas,BR,-19.7625,-44.3139,58.06,91,100,9.08
705,Mocuba,MZ,-16.8392,36.9856,77.79,75,12,3.02
706,Grindavik,IS,63.8424,-22.4338,39.67,81,40,18.41
707,Liku,ID,-0.7275,119.8922,88.05,60,96,3.69
708,Halifax,CA,44.6453,-63.5724,42.46,59,9,4.0
709,Nautla,MX,20.2167,-96.7833,73.76,88,12,4.16
710,Strezhevoy,RU,60.7333,77.5889,32.41,90,98,8.95
711,Ukiah,US,39.1502,-123.2078,44.44,87,0,0.0
712,Givors,FR,45.5833,4.7667,52.3,79,93,5.55
713,Stanger,ZA,-29.3282,31.2895,66.09,75,83,5.19
714,Farmington,US,36.7281,-108.2187,54.28,41,75,8.05
715,Sokoni,TZ,-6.4333,39.55,82.26,76,100,8.39
716,Conceicao Da Barra,BR,-18.5933,-39.7322,69.35,91,100,13.44
717,Gboko,NG,7.3179,8.9951,72.57,93,97,7.14
718,Lake Charles,US,30.2131,-93.2044,67.98,89,0,8.05
719,Broken Hill,AU,-31.95,141.4333,62.73,42,86,10.56
720,Port Lincoln,AU,-34.7333,135.8667,58.73,58,87,8.75
721,Pentecoste,BR,-3.7928,-39.2703,75.45,86,35,3.24
722,Begunitsy,RU,59.5855,29.3176,38.91,94,100,3.13
723,Pauini,BR,-7.7136,-66.9764,67.59,66,48,2.53
724,Turan,VN,16.0678,108.2208,82.38,51,0,10.36
725,Krylovskaya,RU,46.3194,39.9711,40.93,97,79,4.38
726,Flers,FR,48.7372,-0.5747,55.65,88,99,13.35
727,Raudeberg,NO,61.9875,5.1352,50.95,68,100,10.67
728,Buzmeyin,TM,38.0507,58.2056,56.93,77,75,2.3
